﻿<?xml version="1.0" encoding="UTF-8" ?>
<xamlControls
  xmlns:x="http://www.sitecore.net/xaml"
  xmlns:ajax="http://www.sitecore.net/ajax"
  xmlns:rest="http://www.sitecore.net/rest"
  xmlns:javascript="http://www.sitecore.net/javascript"
  xmlns:r="http://www.sitecore.net/renderings"
  xmlns:xmlcontrol="http://www.sitecore.net/xmlcontrols"
  xmlns:p="http://schemas.sitecore.net/Visual-Studio-Intellisense"
  xmlns:asp="http://www.sitecore.net/microsoft/webcontrols"
  xmlns:html="http://www.sitecore.net/microsoft/htmlcontrols"
  xmlns:xsl="http://www.w3.org/1999/XSL/Transform">

  <ClassySC.Builder.Client.ClassySCSetup x:inherits="ClassySC.Builder.Client.ClassySCSetup,ClassySC.Builder">
    <Sitecore.Controls.DialogPage Header="Configure Classy Sitecore" Icon="Flags/32x32/flag_generic.png" Text="Configure default settings for Class Generation" runat="server">

      <AjaxScriptManager runat="server"/>
      <ContinuationManager runat="server" />

      <Style runat="server" x:placeholder="Stylesheets">
        .scScrollbox input{
          width:300px;
        }

        .scScrollbox textarea{
          width:300px;
          height:100px;
        }

        fieldset {
          margin:"4px 0px 0px 0px";
        }
      </Style>
      
      <Scrollbox runat="server" Border="none" Background="transparent">
        <Groupbox runat="server" Header="Solution Root Path on Local File System">
          <asp:Literal ID="SolutionPathLit" runat="server"/>
          <asp:Panel ID="SolutionPathWarningPanel" runat="server">
            <span style="color:red;"> Please set &lt;setting name='ClassySC.SolutionPath' value='C:\Inetpub\wwwroot\[yourproject]' /&gt; manually in /App_config/Include/ClassySC.config.  This should be the solution root containing all your project folders, not the Website root.</span>
          </asp:Panel>
        </Groupbox>

        <Groupbox runat="server" Header="Using Namespaces">
          <asp:TextBox ID="UsingStatementsTB" runat="server" TextMode="MultiLine" />
        </Groupbox>

        <Groupbox runat="server" Header="Base Template Class Name">
          <asp:TextBox ID="StandardTemplateClassNameTB" runat="server" />
        </Groupbox>

        <Groupbox runat="server" Header="Default Namespace">
          <asp:TextBox ID="DefaultNamespaceTB" runat="server" />
        </Groupbox>

        <Groupbox runat="server" Header="Default FilePath">
          <asp:TextBox ID="DefaultFilePathTB" runat="server" />
        </Groupbox>

      </Scrollbox>
    </Sitecore.Controls.DialogPage>
  </ClassySC.Builder.Client.ClassySCSetup>

</xamlControls>
