﻿<?xml version="1.0" encoding="UTF-8" ?>
<xamlControls
  xmlns:x="http://www.sitecore.net/xaml"
  xmlns:ajax="http://www.sitecore.net/ajax"
  xmlns:rest="http://www.sitecore.net/rest"
  xmlns:javascript="http://www.sitecore.net/javascript"
  xmlns:r="http://www.sitecore.net/renderings"
  xmlns:xmlcontrol="http://www.sitecore.net/xmlcontrols"
  xmlns:p="http://schemas.sitecore.net/Visual-Studio-Intellisense"
  xmlns:asp="http://www.sitecore.net/microsoft/webcontrols"
  xmlns:html="http://www.sitecore.net/microsoft/htmlcontrols"
  xmlns:xsl="http://www.w3.org/1999/XSL/Transform">

  <ClassySC.Builder.Client.EditTemplate x:inherits="ClassySC.Builder.Client.EditTemplate,ClassySC.Builder">
    <Sitecore.Controls.DialogPage Header="Configure Template Generation" Icon="Flags/32x32/flag_generic.png" Text="Configure default settings for Class Generation" runat="server">

      <AjaxScriptManager runat="server"/>
      <ContinuationManager runat="server" />

      <Style runat="server" x:placeholder="Stylesheets">

        .scScrollbox textarea{
        width:300px;
        height:100px;
        }

        fieldset {
        margin:"4px 0px 0px 0px";
        }
      </Style>

      <Scrollbox runat="server" Border="none" Background="transparent">

        <Groupbox runat="server" Header="Generate this Template">
          <Checkbox ID="GenerateCB" runat="server" Click="CheckedBox" />
        </Groupbox>

        <Groupbox runat="server" Header="Namespace">
          <asp:TextBox ID="NamespaceTB" runat="server" Width="300" />
          <div>
            Default: <asp:Literal ID="NamespaceLit" runat="server" />
          </div>
        </Groupbox>

        <Groupbox runat="server" Header="Class Name">
          <asp:TextBox ID="ClassNameTB" runat="server"  Width="300"  />
          <div>
            Default: <asp:Literal ID="ClassNameLit" runat="server" />
          </div>
        </Groupbox>

        <Groupbox runat="server" Header="Class File Path">
          <asp:TextBox ID="FilePathTB" runat="server"  Width="300"  />
          <div>
            Default: <asp:Literal ID="FilePathLit" runat="server" />
          </div>
        </Groupbox>

        <Groupbox runat="server" Header="Fields">
          <Scrollbox runat="server" Height="100px">
            <asp:CheckBoxList ID="FieldsCL" runat="server" />
          </Scrollbox>
        </Groupbox>

        <Groupbox runat="server" Header="Base Template">
          <asp:DropDownList ID="BaseTemplateDD" runat="server"/>
        </Groupbox>



      </Scrollbox>
    </Sitecore.Controls.DialogPage>
  </ClassySC.Builder.Client.EditTemplate>

</xamlControls>
