﻿<?xml version="1.0" encoding="UTF-8" ?>
<xamlControls
  xmlns:x="http://www.sitecore.net/xaml"
  xmlns:ajax="http://www.sitecore.net/ajax"
  xmlns:rest="http://www.sitecore.net/rest"
  xmlns:javascript="http://www.sitecore.net/javascript"
  xmlns:r="http://www.sitecore.net/renderings"
  xmlns:xmlcontrol="http://www.sitecore.net/xmlcontrols"
  xmlns:p="http://schemas.sitecore.net/Visual-Studio-Intellisense"
  xmlns:asp="http://www.sitecore.net/microsoft/webcontrols"
  xmlns:html="http://www.sitecore.net/microsoft/htmlcontrols"
  xmlns:xsl="http://www.w3.org/1999/XSL/Transform">

  <ClassySC.Builder.Client.EditField x:inherits="ClassySC.Builder.Client.EditField,ClassySC.Builder">
    <Sitecore.Controls.DialogPage Header="Configure Field Generation" Icon="Flags/32x32/flag_generic.png" Text="Configure default settings for Field Generation" runat="server">

      <AjaxScriptManager runat="server"/>
      <ContinuationManager runat="server" />

      <Style runat="server" x:placeholder="Stylesheets">
        .scScrollbox textarea{
        width:300px;
        height:100px;
        }

        fieldset {
        margin:"4px 0px 0px 0px";
        }
      </Style>
      
      <Scrollbox runat="server" Border="none" Background="transparent">

        <Groupbox runat="server" Header="Property Name">
          <asp:TextBox ID="PropertyNameTB" runat="server" Width="300" />
          <div>
            Default: <asp:Literal ID="PropertyNameLit" runat="server" />
          </div>
        </Groupbox>        

        <Groupbox runat="server" ID="PropertyTypeGB" Header="Property Type">
          <asp:DropDownList ID="PropertyTypeDD" runat="server" Width="450"/>
          <div>
            Default: <asp:Literal ID="PropertyClassTypeLit" runat="server" />
          </div>
        </Groupbox>

        <Groupbox runat="server" ID="ObservableGB" Header="Observable Collection" Visible="false">
          <Checkbox ID="ObservableCB" runat="server" /> Update item field whenever collection is modified
        </Groupbox>

        <Groupbox runat="server" Header="Property Comments">
          <asp:TextBox ID="PropertyCommentsTB" runat="server" TextMode="MultiLine" />
        </Groupbox>

      </Scrollbox>
    </Sitecore.Controls.DialogPage>
  </ClassySC.Builder.Client.EditField>

</xamlControls>
